{
  "best_params": {
    "iterations": 500,
    "w_decay": 0.3,
    "init_temp": 500.0,
    "cooling": 0.9964243197292841,
    "local_search_frequency": 10,
    "min_local_moves": 10000
  },
  "best_objective": 469.29935000000006
}