{
  "best_params": {
    "m": 5,
    "I": 30,
    "alpha": 1.1644079306735833,
    "beta": 1.231355790111825,
    "rho": 0.31243381926810376,
    "Q": 1.3630971346491676,
    "LS": 30,
    "t": 70
  },
  "best_objective": 372.50705600000003
}