{
  "best_params": {
    "m": 3,
    "I": 15,
    "alpha": 1.16363361785508,
    "beta": 1.1726069637916408,
    "rho": 0.8,
    "Q": 1.0,
    "LS": 50,
    "t": 50
  },
  "best_objective": 200.650384
}