{
  "best_params": {
    "m": 3,
    "I": 15,
    "alpha": 1.1213953390243974,
    "beta": 1.4299686236734381,
    "rho": 0.7488418448103622,
    "Q": 1.5578701066333343,
    "LS": 50,
    "t": 50
  },
  "best_objective": 200.659196
}