{
  "best_params": {
    "m": 45,
    "I": 10,
    "alpha": 0.8898260230434394,
    "beta": 0.75,
    "rho": 0.724222370720313,
    "Q": 3.0,
    "LS": 90,
    "t": 50
  },
  "best_objective": 360.08712199999997
}